id,sous_course_id,course_id,title,hours_Q1,hours_Q2,teachers_ids,language,icon
1,CH1C-L1-2022,1bach10,Laboratoire de chimie,10.5h,15h,hnt; crd; dhn; spr; b5w,fr,Science
2,CH1C-T1-2022,1bach10,Chimie théorie,25.5h,15h,hnt,fr,Science
3,CH1C-X1-2022,1bach10,Chimie exercices,18h,15h,hnt; crd; spr; b5w,fr,Science
4,CI1C-L1-2022,1baci10,Labo circuits 1,10.5h,15h,bjt; aif; chv; mol; thn,fr,Science
5,CI1C-T1-2022,1baci10,Circuits 1,18h,15h,bjt,fr,Bolt
6,CI1C-X1-2022,1baci10,Exercices circuits 1,13.5h,15h,bjt; chv; mol,fr,Bolt
7,EM1C-L1-2021,1baem10,Labo électromagnétisme 1,13.5h,3.5h,mol; aif; chv; thn,fr,Science
8,EM1C-T1-2016,1baem10,Outils mathématiques,13.5h,22.5h,hil,fr,Functions
9,EM1C-T2-2016,1baem10,Electromagnétisme 1,13.5h,12h,mol,fr,Bolt
10,EM1C-X1-2016,1baem10,Outils mathématiques : exercices,13.5h,12h,hil; mj5; jsz,fr,Functions
11,EM1C-X2-2018,1baem10,Exercices Electromagnétisme 1,13.5h,9h,mol; chv,fr,Bolt
12,IC1L-L1-2016,1baic10,Dessin technique,20h,9h,mat; bch,fr,Build
13,IC1L-L2-2016,1baic10,Dessin technique S7,20h,9h,nth; bch; bcq; crt; glh; kis; otj,fr,Build
14,IC1L-L3-2016,1baic10,Dessin technique S5 - S8 - S9,20h,9h,nth; bcq; crt; glh; kis; otj,fr,Build
15,IC1L-L4-2025,1baic10,Dessin technique S6,20h,9h,nth; bch; crt; otj,fr,Build
16,IC1L-L5-2025,1baic10,Dessin technique S10 Evaluation,20h,3.5h,nth; j4b; bcq; crt; glh; kis; otj,fr,Build
17,IC1T-T1-2015,1baic10,Programmation,20h,7.5h,lur,fr,Code
18,IC1T-X1-2024,1baic10,Exercices programmation,20h,7.5h,lur; fky; lrg,fr,Code
19,LA1T-T1,1baic10,Anglais,20h,15h,stv,en,Code
20,MC1C-T1-2016,1bamc10,Cinématique,20h,21h,jsz,fr,Science
21,MC1C-X1-2016,1bamc10,exos SDM cinématique,20h,12h,jsz; dhn; hil,fr,Code
22,MD1C-L1-2016,1bamd10,Dynamique :  laboratoires,20h,7h,jsz; crd; dhn; r5g; mj5,fr,Science
23,MD1C-T1-2016,1bamd10,Mécanique de base,20h,18h,frn,fr,Storage
24,MD1C-T3-2016,1bamd10,Mathématiques des systèmes dynamiques,20h,13.5h,r5g,fr,Functions
25,MD1C-T4-2016,1bamd10,Mouvements vibratoires et transmission de puissance,20h,16.5h,dhn,fr,Science
26,MD1C-X1-2016,1bamd10,Dynamique : exercices,20h,25.5h,kis; dhn; frn; r5g; pch,fr,Science
27,ME1C-B1-2024,1bame10,Projet de démarche scientifique,20h,25.5h,sbr; jfd; mj5; thn,fr,Science
28,ME1C-T1-2022,1bame10,Méthodologie et démarche scientifique,20h,25.5h,sbr,fr,Science
29,ME1C-X1-2022,1bame10,Méthodologie exercices,20h,25.5h,sbr; jfd; mj5; thn,fr,Science
30,CM1C-T1-2015,1bamm10,Chimie des matériaux - théorie,20h,25.5h,spr,fr,Science
31,CM1C-X1-2015,1bamm10,Chimie des matériaux - exercices,20h,25.5h,spr; crd; hnt,fr,Science
32,CM1L-L1-2015,1bamm10,Labo Chimie des matériaux,20h,25.5h,spr; crd; dhn; hnt; jsz,fr,Science
33,MC1T-T1-2015,1bamm10,Matériaux durables,20h,25.5h,sts,fr,Science
34,MM1T-T1-2015,1bamm10,Matériaux métalliques,20h,25.5h,bch,fr,Science
35,CP1C-T1-2022,1baph10,Physique théorie,20h,25.5h,jsz,fr,Science
36,CP1C-X1-2022,1baph10,Physique exercices,9h,25.5h,jsz; dhn; r5g; mj5,fr,Science
37,CP1L-L3-2022,1baph10,labo physique,7h,25.5h,jsz; crd; dhn; r5g,fr,Science
38,PI1B-B1-2016,1bapi10,Projet intégrateur: semaine 0,34h,25.5h,sbr; bcq; mj5; rch,fr,Code
39,PI1B-B2-2024,1bapi10,Projet intégrateur - Coaching,34h,25.5h,sbr; bcq; crt; jfd; mj5; mlt,fr,Assignment
40,PI1B-B3-2024,1bapi10,Projet intégrateur - Gala,34h,25.5h,,fr,Assignment
41,PM1C-T1-2025,1bapm10,Mathématiques partie A,34h,25.5h,ngy; hil,fr,Functions
42,PM1C-T2-2025,1bapm10,Mathématiques partie B,34h,25.5h,hil; ngy,fr,Functions
43,PM1C-X1-2025,1bapm10,Mathématiques Partie A: exercices,34h,25.5h,ngy; r5g; hil; mj5,fr,Functions
44,PM1C-X2-2025,1bapm10,Mathématiques Partie B : exercices,34h,25.5h,hil; r5g; mj5; ngy,fr,Functions
45,ST1C-T2-2015,1bast10,Statique théorie,34h,25.5h,vdd,fr,Functions
46,ST1C-X2-2016,1bast10,Exercices de statique,18h,25.5h,vdd; r5g; mj5; ran,fr,Functions
47,TC1C-L1-2018,1bate10,Labo Parois verticales,3.5h,25.5h,ran; vrs; vlo,fr,Science
48,TC1C-L2-2021,1bate10,Labo Lecture de plans,3.5h,25.5h,hnr; frn; vlo,fr,Science
49,TC1C-T1-2018,1bate10,Technologie construction,7.5h,25.5h,sts,fr,Engineering
50,TC1C-X1-2021,1bate10,Exercices Technologie construction,3h,25.5h,sts; ran,fr,Engineering
51,TE1T-T1-2016,1bate10,Technologie info-élec,9h,25.5h,fle; mar,fr,Code
52,TE1T-T2-2016,1bate10,Technologie info-élec,3h,25.5h,mar,fr,Code
53,TE1T-T3-2016,1bate10,Technologie info-élec,3h,25.5h,fle,fr,Code
54,TE1T-X1-2021,1bate10,Exercices techno info-electro,6h,25.5h,brn; dlh-2; mar; mch,fr,Code
55,TM1L-L1-2019,1bate10,Labo techniques d'exécution,7h,25.5h,glh; j4b; bcq; crt; kis; mrf; nth,fr,Science
56,TM1T-T1-2015,1bate10,Technologie mécanique,18h,25.5h,crt,fr,Engineering
57,CH2C-T1-2024,2bach20,Chimie et environnement Q1,24h,25.5h,b5w,fr,Science
58,CH2C-T2-2024,2bach20,Chimie et environnement Q2,24h,25.5h,b5w,fr,Science
59,CH2C-X1-2016,2bach20,Chimie et environnement - Exercices  - Q1,24h,25.5h,b5w; hnt; spr,fr,Science
60,CH2C-X2-2023,2bach20,Chimie et environnement - Exercices - Q2,24h,25.5h,b5w; hnt; spr,fr,Science
61,CH2L-L1-2016,2bach20,Laboratoire de chimie et environnement,24h,25.5h,b5w; crd; hnt; spr,fr,Science
62,CH2L-L2-2025,2bach20,Rédaction rapport labo,24h,25.5h,b5w; hnt; spr,fr,Science
63,DT2L-L1-2018,2badt20,Dessin technique,24h,25.5h,kis; j4b; bcq; d4d; crt; mj5; c4m; nth,fr+en,Build
64,EL2C-L1-2019,2bael20,Labo circuits 2,24h,25.5h,mol; bjt; dfr; thn,fr,Science
65,EL2C-L2-2021,2bael20,Labo électromagnétisme 2,24h,25.5h,mol; kpr,fr,Science
66,EL2C-T1-2016,2bael20,Circuits 2,24h,25.5h,bjt,fr,Bolt
67,EL2C-T2-2021,2bael20,Electromagnétisme 2,15h,25.5h,mol,fr,Bolt
68,EL2C-X1-2015,2bael20,Exercices circuits 2,15h,25.5h,bjt; dfr; thn,fr,Bolt
69,EL2C-X2_2021,2bael20,Exercices électromagnétisme 2,15h,25.5h,mol; thn,fr,Bolt
70,EO2L-L2-2018,2baeo20,Laboratoire d'électronique,15h,25.5h,dfr; dlh-2,fr,Science
71,EO2T-T1-2016,2baeo20,Electronique,15h,25.5h,dfr,fr,Bolt
72,EO2T-T2-2018,2baeo20,Electronique,15h,25.5h,fle,fr,Bolt
73,EO2T-X1-2019,2baeo20,Exercices d'électronique,15h,25.5h,dfr; dlh-2; fle,fr,Bolt
74,IN2L-L1-2017,2bain20,Info appliquée,15h,25.5h,lur; fky; lrg; mar; mlt; ngy,fr,Code
75,IN2T-T1-2015,2bain20,concepts informatiques,15h,25.5h,lur,fr,Code
76,LA2T-T1-2020,2bala20,Anglais,15h,25.5h,stv; r6j,en,Code
77,LA2T-T2-2025,2bala20,Anglais - Autonomie,15h,25.5h,stv; r6j,en,Code
78,MF2C-T1-2015,2bamf20,Mécanique des fluides,15h,25.5h,bri-3,fr,Build
79,MF2L-L1-2016,2bamf20,Mécanique des fluides : labo,15h,25.5h,vdd; brg; nth; pch,fr,Science
80,OM2C-T1-2016,2baom20,Matrices: théorie,15h,25.5h,crd,fr+en,Functions
81,OM2C-X2-2016,2baom20,Matrices: exercices,15h,25.5h,crd; r5g; jsz,fr+en,Functions
82,OP2C-T1-2016,2baom20,Proba stat théorie,15h,25.5h,crd,fr+en,Functions
83,OP2C-X1-2016,2baom20,Proba stat exercices,15h,25.5h,crd; r5g; jsz,fr+en,Functions
84,OT2C-T1-2016,2baom20,Transformée de Laplace : théorie,15h,25.5h,dhn,fr+en,Functions
85,OT2C-X1-2016,2baom20,Transformée de Laplace : exercices,15h,25.5h,dhn; r5g; jsz,fr+en,Functions
86,PH2C-T1-2015,2baph20,Physique moderne,15h,25.5h,dhn,fr,Science
87,PH2C-X1-2015,2baph20,Exercices de physique,15h,25.5h,dhn; crd; jsz,fr,Science
88,PH2L-L1-2016,2baph20,Laboratoire de physique,15h,25.5h,dhn; crd; r5g; jsz,fr,Science
89,RM2C-T1-2016,2barm20,RM théorie Q1,15h,25.5h,vlo,fr,Build
90,RM2C-T2-2021,2barm20,RM théorie Q2,15h,25.5h,vlo,fr,Build
91,RM2C-X1-2017,2barm20,RM exercices Q1,15h,25.5h,vlo; ran; sts,fr,Build
92,RM2C-X2-2021,2barm20,RM exercices Q2,15h,25.5h,vlo; ran; sts,fr,Build
93,RM2L-L1-2016,2barm20,Laboratoire RM - Q1,15h,25.5h,sts; ran,fr,Science
94,RM2L-L2-2017,2barm20,Laboratoire RM - Q2,15h,25.5h,sts; vlo,fr,Science
95,TH2C-T1-2015,2bath20,théorie,15h,25.5h,brg,fr,Build
96,TH2C-X1-2015,2bath20,exercices,15h,25.5h,brg; pch; vdd,fr,Build
97,TH2L-L1-2017,2bath20,laboratoires,15h,25.5h,pch; brg; ir4; vdd,fr,Science
98,TM2L-L1-2016,2batm20,Laboratoire de mesures,15h,25.5h,thn; aif; kpr; mol,fr,Science
99,TM2T-T1-2016,2batm20,Mesures,15h,25.5h,thn,fr,Engineering
100,TM2X-X1-2023,2batm20,Exercices de mesures,15h,25.5h,thn; mol,fr,Engineering
101,PM2B-L1-2017,2bmpm20,Conception mécanique,15h,25.5h,mrf; crt; kis,fr,Assignment
102,PM2B-L2,2bmpm20,FABLAB - Mesures,15h,25.5h,otj; crt; nth,fr,Science
103,PM2B-L3,2bmpm20,Introduction prototypage,15h,25.5h,bcq; glh; kis; nth; otj,fr,Assignment
104,PM2B-L4,2bmpm20,Usinage du projet,15h,25.5h,bcq; glh; kis; nth; otj,fr,Build
105,PM2B-T1,2bmpm20,Technologie mécanique,15h,25.5h,crt,fr,Engineering
106,VM2L-L1,2bmpm20,Visite entreprises Electromécanique-Informatique,15h,25.5h,,fr,Code
107,TE2C-L1-2022,2bmto20,Compléments élec :  labo,15h,25.5h,aif,fr,Science
108,TE2C-T1-2016,2bmto20,Compléments élec : théorie,15h,25.5h,aif,fr+en,Engineering
109,TO2T-T1-2016,2bmto20,Cristallographie et systèmes en équ,15h,25.5h,bch,fr,Engineering
110,TR2C-T1-2016,2bmto20,Compléments de RM : théorie,15h,25.5h,vlo,fr,Engineering
111,TR2C-X1-2016,2bmto20,Compléments de RM : exercices,15h,25.5h,vlo; sts,fr,Engineering
112,VM2L-L1,2bmto20,Visite entreprises Electromécanique-Informatique,15h,25.5h,,fr,Code
113,EN3T-T1-2022,3base30,Entrepreneuriat,18h,25.5h,mlt,fr,Work
114,SE3C-T1-2015,3base30,Comptabilité,18h,25.5h,j5d,fr,Work
115,SG3B-B1,3basg30,Stage,18h,25.5h,,fr,Assignment
116,PM3B-B0-2025,3bmcp30,PMI - Consulting,4.5h,25.5h,bcq; crt,fr,Assignment
117,PM3B-B1-2024,3bmcp30,PMI - Cours Conception,6h,25.5h,bcq,fr,Assignment
118,PM3B-B2-2024,3bmcp30,PMI - Cours dimensionnement,9h,25.5h,bcq; crt,fr,Assignment
119,PM3B-B3-2024,3bmcp30,PMI - BE Conception,10.5h,25.5h,bcq; crt; kis; mrf; nth; otj,fr,Assignment
120,PM3B-B4-2024,3bmcp30,PMI - Exercices dimensionnement,3h,25.5h,bcq; crt; kis; mrf,fr,Assignment
121,PM3B-B5-2024,3bmcp30,PMI - BE dimensionnement,17.5h,25.5h,bcq; crt; kis; mrf; nth; otj,fr,Assignment
122,PM3B-B6-2024,3bmcp30,PMI - Fabrication mécanique 1,7h,25.5h,bcq; j4b; glh; kis; c4m; nth; otj,fr,Build
123,PM3B-B7-2024,3bmcp30,PMI - Fabrication mécanique 2,14h,25.5h,bcq; j4b; crt; glh; kis; nth; otj,fr,Build
124,PM3B-B8-2024,3bmcp30,PMI - Visite,3.5h,25.5h,bcq; glh; mrf; otj,fr,Assignment
125,PM3B-B9-2024,3bmcp30,PMI - Evènement,3.5h,25.5h,bcq; crt; glh; kis; mrf; nth; otj,fr,Assignment
126,CV3B-B1-2016,3bmcv30,Projet HVAC - Q1,28h,25.5h,dgy; brg; pch; g4z,fr,Bolt
127,CV3B-B2-2023,3bmcv30,Projet HVAC - Q2,28h,25.5h,dgy; brg; d4d; vdd; g4z,fr,Bolt
128,CV3B-T1-2019,3bmcv30,BIM,28h,25.5h,d4d,fr,Bolt
129,CV3B-T2-2019,3bmcv30,Data center,28h,25.5h,d4d,fr,Storage
130,CV3B-T3-2019,3bmcv30,HVAC - Q1,28h,25.5h,dgy,fr,Bolt
131,CV3B-T4-2019,3bmcv30,Acoustique,28h,25.5h,lah,fr,Bolt
132,CV3B-T5-2023,3bmcv30,HVAC - Q2,28h,25.5h,dgy,fr,Bolt
133,CV3L-L1-2015,3bmcv30,Laboratoire HVAC,14h,25.5h,pch; brg; d4d,fr,Science
134,EA3C-L1-2019,3bmea30,Laboratoire d'électrotechnique - Q1,14h,25.5h,kpr; mol,fr,Science
135,EA3C-L2-2019,3bmea30,Laboratoire d'électrotechnique - Q2,14h,25.5h,kpr; mol,fr,Science
136,EA3C-L3-2024,3bmea30,Laboratoire d'électrotechnique - Q2 (dernier labo),14h,25.5h,kpr; l2e; mol,fr,Science
137,EA3C-T1-2016,3bmea30,Mesures et transformateurs,14h,25.5h,mol,fr,Engineering
138,EA3C-T2-2016,3bmea30,Machines tournantes,14h,25.5h,kpr,fr,Bolt
139,EA3C-X1-2019,3bmea30,Mesures et transformateurs: exercices,14h,25.5h,kpr; mol,fr,Engineering
140,EA3C-X2-2019,3bmea30,Machines tournantes : exercices,14h,25.5h,kpr; mol,fr,Bolt
141,AE3T-L1-2015,3bmel30,Electronique appliquée : labos,14h,25.5h,dlh-2; brn; dfr; fle; mch,fr,Science
142,EL3T-T1-2017,3bmel30,Electronique appliquée,14h,25.5h,dlh-2,fr,Bolt
143,EL3X-X1-2024,3bmel30,Exercices d'électronique appliquée,14h,25.5h,dlh-2; mch,fr,Bolt
144,ET3B-B1-2018,3bmet30,Bureau d'études électriques schématique,14h,25.5h,bjt; chv; thn,fr,Bolt
145,ET3B-B2-2023,3bmet30,Bureau d'études de schématique électrique - Evaluation,3h,25.5h,bjt; chv; thn,fr,Bolt
146,ET3T-T1-2019,3bmet30,Réseaux et appareillages BT,6h,25.5h,bjt,fr,Engineering
147,ET3T-X1-2025,3bmet30,Exercices de réseaux et appareillages BT,6h,25.5h,bjt; thn,fr,Engineering
148,RP3L-L1-2016,3bmis30,Bureau d'études d'instrumentation,6h,25.5h,aif; bjt; mol; thn,fr,Engineering
149,RP3L-L2-2023,3bmis30,Bureau d'études d'instrumentation,6h,25.5h,aif; bjt; p2g; mol; j2r; thn,fr,Engineering
150,RP3T-T1-2018,3bmis30,Instrumentation,6h,25.5h,p2g; j2r,fr,Engineering
151,RA3L-L1-2016,3bmra30,Introduction to Matlab,6h,25.5h,mol; aif; l2e,fr,Science
152,RA3L-L2-2019,3bmra30,Matlab for signals and systems,6h,25.5h,mol; aif; l2e; thn,fr+en,Science
153,RA3L-L3-2023,3bmra30,Introduction à Matlab - Evaluation,6h,25.5h,mol; aif; l2e,fr,Science
154,RA3T-T1-2016,3bmra30,Signals and systems,6h,25.5h,dbr,en,Bolt
155,RG3L-L1-2016,3bmrg30,Laboratoire de régulation,6h,25.5h,mus; aif; bjt,fr,Science
156,RG3T-T1-2016,3bmrg30,Fundamentals of control theory,6h,25.5h,rch,fr+en,Engineering
157,RG3T-X1-2016,3bmrg30,Fundamentals of control Theory - exercises,6h,25.5h,rch; bjt,fr+en,Engineering
158,SI3B-B1-2024,3bmsi30,Projet de système d'information,6h,25.5h,fky; auv; brn; kis; lrg; pch; thn; vlo,fr,Code
159,SI3T-T1-2024,3bmsi30,Théorie de système d'information,6h,25.5h,fky,fr,Code
160,AI4L-L1-2023,4auat40,Labo d'automatique industrielle,6h,25.5h,aif; bjt,fr,Science
161,AT4L-L1-2018,4auat40,Sequential automation laboratory,6h,25.5h,rch; bjt; chv,fr,Science
162,AT4T-T1-2018,4auat40,Sequential Automation,6h,25.5h,rch,fr+en,Engineering
163,AT4T-T2-2023,4auat40,Sequential Automation - Evaluation,6h,25.5h,rch,fr,Engineering
164,DS4T-T1-2016,4auds40,Dynamics of thermal systems,6h,25.5h,aif,en,Build
165,DS4T-T2-2016,4auds40,Dynamics of mechanical systems,6h,25.5h,dbr,en,Build
166,ET4L-L1-2016,4auet40,Electrical Drives laboratory,6h,25.5h,kpr,fr,Science
167,ET4T-T1-2016,4auet40,Electrical Drives,6h,25.5h,kpr,fr,Bolt
168,SE4T-L1-2016,4auet40,dynamique des syst. éléctriques,6h,25.5h,kpr,fr,Bolt
169,SE4T-L2-2016,4auet40,dynamique des syst. éléctriques,6h,25.5h,kpr,fr,Bolt
170,MD4L-L1-2016,4aumd40,Dynamical systems simulation,6h,25.5h,aif,fr+en,Engineering
171,MD4T-T1-2016,4aumd40,Dynamical systems modelling,6h,25.5h,aif,fr+en,Engineering
172,RE4L-L1-2016,4aure40,Digital Control Laboratory,6h,25.5h,dbr,fr,Science
173,RE4T-T1-2016,4aure40,Digital Control Theory,6h,25.5h,dbr,en,Engineering
174,RG4C-L1-2016,4aurg40,State-space control methods laboratory,6h,25.5h,dbr,fr+en,Science
175,RG4C-T1-2016,4aurg40,State-space control methods theory,6h,25.5h,dbr,en,Functions
176,RG4T-T1-2016,4aurg40,Linear algebra and applications,6h,25.5h,dbr,en,Functions
177,OP4T-T1-2016,4aurl40,Optimization methods,6h,25.5h,dbr,en,Engineering
178,RL4C-L1-2016,4aurl40,Model predictive control laboratory,6h,25.5h,mus,fr,Science
179,RL4C-T1-2016,4aurl40,Model predictive control theory,6h,25.5h,mus,fr,Engineering
180,RL4T-L1-2016,4aurl40,Advanced control on embedded systems,6h,25.5h,dbr; s3v,en,Engineering
181,MM4T-T1-2016,4auta40,Power cycles 1,6h,25.5h,vdd,fr+en,Bolt
182,AU4T-T1-2016,4emau40,Practical process control,6h,25.5h,mus,fr+en,Share
183,AU4T-T2-2024,4emau40,Practical Process Control - Control Valves,6h,25.5h,t2b,fr+en,Share
184,EN4T-T1-2024,4emen40,Energy Sources and systems,6h,25.5h,pch,en,Code
185,EN4T-T2-2024,4emen40,Introduction to biomass conversion,6h,25.5h,brg,en,Code
186,EN4T-T3-2024,4emen40,Introduction to nuclear energy,6h,25.5h,s4s,en,Code
187,EN3C-T2-2017,4emeo40,Electronique numérique,27h,25.5h,fle,fr,Bolt
188,EO4L-L1-2016,4emeo40,Labo électronique numérique,14h,25.5h,fle; brn; mch,fr,Science
189,IO4L-L1-2016,4emio40,Labo installations opératrices,14h,25.5h,dgy; pch,fr,Science
190,IO4T-T1-2016,4emio40,Installations opératrices,33h,25.5h,dgy,fr,Engineering
191,AE4T-T1-2016,4emra40,Electrical installations HV & Risk analysis,33h,25.5h,,fr+en,Functions
192,AE4T-T2-2023,4emra40,Electrical Installations LV & Safety,33h,25.5h,,fr+en,Bolt
193,GA4T-T1-2016,4mage40,Projet - qualité,33h,25.5h,,en,Assignment
194,GA4T-T2-2025,4mage40,Présentation projet qualité,33h,25.5h,,fr,Assignment
195,GS4T-T1-2016,4mage40,Sciences humaines,33h,25.5h,mlt,fr,Science
196,RS4T-T1-2018,4mage40,Ethics Lab,33h,25.5h,mlt; p6s,en,Science
197,IN5C-B1-2023,5auin50,Intro projet industrie 4.0,33h,25.5h,bcq; mat; nth,fr,Assignment
198,IN5C-B2-2023,5auin50,Cyber Security,21h,25.5h,n3s,fr,Lock
199,IN5C-B3-2023,5auin50,Industrie 4.0 - Evaluation,3.5h,25.5h,n3s,fr,Engineering
200,IN5C-B4-2023,5auin50,Deep Learning for Computer Vision Théorie & labo,21h,25.5h,fky,fr,Science
201,IN5C-L1-2023,5auin50,Laboratoires de robotique,21h,25.5h,nth; bcq; mat,fr,Science
202,IN5C-T1-2023,5auin50,Intro robotique,3h,25.5h,nth,fr,Engineering
203,MD5L-L1-2016,5aumd50,System identification - laboratory,7h,25.5h,dbr,fr+en,Science
204,MD5L-L2-2016,5aumd50,System identification - laboratory,7h,25.5h,mus,fr+en,Science
205,MD5L-L3-2023,5aumd50,System identification - laboratory,21h,25.5h,dbr; mus,fr+en,Science
206,MD5L-L4-2023,5aumd50,System identification - Travail en autonomie,17.5h,25.5h,,fr+en,Code
207,MD5T-T1-2016,5aumd50,System identification - theory,15h,25.5h,dbr,fr+en,Assignment
208,MD5T-T2-2016,5aumd50,System identification - theory,15h,25.5h,mus,fr+en,Assignment
209,MD5T-T3-2023,5aumd50,System Identification - Q/R,3h,25.5h,dbr; mus,fr+en,Assignment
210,MD5T-T4-2023,5aumd50,System identification - Evaluation,7h,25.5h,dbr; mus,fr+en,Assignment
211,TF5B-B1-2024,5autf50,Travail de fin d'études,7h,25.5h,,fr+en,Code
212,AA5C-B1-2023,5emaa50,Bureau d'études d'architectures d'automatisation,7h,25.5h,rch; aif; bjt; chv,fr+en,Engineering
213,AA5C-B2-2023,5emaa50,Bureau d'études d'architectures d'automatisation - Travail en autonomie,31.5h,25.5h,,fr+en,Code
214,AA5C-B3-2023,5emaa50,Architectures d'automatisation - Evaluation,3.5h,25.5h,rch; aif; bjt; chv,fr+en,Engineering
215,AA5C-L1-2023,5emaa50,Labo de communication,21h,25.5h,rch; aif; bjt; chv,fr+en,Science
216,AA5C-T1-2023,5emaa50,Communication & safety theory,9.5h,25.5h,rch; aif; bjt; chv,fr+en,Language
217,AI5C-B1-2016,5emai50,Bureau d’études de dimensionnement des entrainements électriques,35h,25.5h,rch; bcq; mol; thn,fr+en,Code
218,AI5C-B2-2023,5emai50,Bureau d'études de dimensionnement des entrainements électriques - travail en autonomie,25.5h,25.5h,,fr,Code
219,AI5C-B3-2023,5emai50,Bureau d'études de dimensionnement des entrainements électriques - Evaluation,3.5h,25.5h,rch; bcq; mol; thn,fr,Code
220,AI5C-B4-2025,5emai50,Bureau d'études de dimensionnement des entrainements électriques - coaching,4h,25.5h,rch; bcq; mol; thn,fr,Code
221,AI5C-B5-2025,5emai50,Bureau d'études de dimensionnement des entrainements électriques - coaching,2h,25.5h,rch; bcq; mol; thn,fr,Code
222,DI5C-B1-2023,5emdi50,Bureau d'études de dimensionnement des installations électriques,42h,25.5h,bjt; chv; thn,fr,Engineering
223,DI5C-B2-2023,5emdi50,Bureau d'études de dimensionnement des installations électriques - travail en autonomie,31.5h,25.5h,,fr,Code
224,DI5C-B3-2023,5emdi50,Bureau d'études de dimensionnement des installations électriques - Evaluation,3.5h,25.5h,bjt; chv; thn,fr,Engineering
225,GF5T-T1-2019,5magf50,Gestion financière,3.5h,25.5h,mlt,en,Work
226,GI5T-T1-2019,5magi50,Economie,3.5h,25.5h,mlt,en,Work
227,LA5T-T1-2025,5mala50,Anglais,20h,25.5h,stv,en,Code
228,SG5B-B1,5masg50,Stages,80h,25.5h,,fr,Assignment
229,PC2B-L1-2015,2bcpc20,Projet CO : dessin,80h,25.5h,hnr; ran,fr,Build
230,PC2B-L2-2015,2bcpc20,Projet CO : info,80h,25.5h,ran; vml,fr,Code
231,VC2L-L1,2bcpc20,Visite entreprises Construction-Géomètre,80h,25.5h,,fr,Work
232,TB2T-L1-2022,2bctc20,Labo technologie du béton,80h,25.5h,ran; vrs,fr,Science
233,TB2T-T1-2015,2bctc20,Matériaux de construction : béton,80h,25.5h,ran,fr,Engineering
234,TO2T-T1-2016,2bctc20,Cristallographie et systèmes en équ,80h,25.5h,bch,fr,Engineering
235,TS2T-T1-2015,2bctc20,Welding,80h,25.5h,mat,en,Engineering
236,VC2L-L1,2bctc20,Visite entreprises Construction-Géomètre,80h,25.5h,,fr,Work
237,BA3C-L1-2015,3bcba30,Laboratoire de béton armé,7h,25.5h,ran; vrs,fr,Science
238,BA3C-T1-2015,3bcba30,Béton armé,33h,25.5h,gls,fr,Build
239,BA3C-X1-2015,3bcba30,Exercices de béton armé,9h,25.5h,ran,fr,Build
240,BE3B-B1-2015,3bcbe30,Bureau d'études CO - Projet,9h,25.5h,vrs; ran; sts; vlo,fr,Assignment
241,BE3B-L1-2016,3bcbe30,Labo programmation appliquée,9h,25.5h,ran; vml,fr,Science
242,BE3B-T1-2015,3bcbe30,Programmation appliquée,9h,25.5h,ran,fr,Code
243,BI3T-L1-2021,3bcbe30,Labo de BIM,9h,25.5h,sts,fr,Science
244,BI3T-T1-2019,3bcbe30,BIM,9h,25.5h,sts,fr,Engineering
245,BO3C-L1-2015,3bcbo30,Laboratoire de bois,9h,25.5h,vrs; gbr,fr,Science
246,BO3C-T1-2015,3bcbo30,Bois : matériau et dimensionnement,9h,25.5h,gbr,fr,Build
247,CM3C-T1-2015,3bccm30,Constructions métalliques Q1B,13.5h,25.5h,frn,fr,Build
248,CM3C-T2-2025,3bccm30,Construction métallique Q1A,15h,25.5h,vlo,fr,Build
249,CM3C-X1-2020,3bccm30,Exercices de constructions métalliques,7.5h,25.5h,frn; vlo,fr,Build
250,CM3C-X2-2015,3bccm30,Devoirs de constructions métalliques,12h,25.5h,frn; vlo,fr,Build
251,FO3T-T1-2022,3bcfo30,Fondations superficielles,12h,25.5h,lpy,fr,Build
252,GC3T-L1-2019,3bcgc30,Labo organisation des chantiers,12h,25.5h,sts; vrs,fr,Science
253,GC3T-T1-2019,3bcgc30,Organisation des chantiers,12h,25.5h,sts,fr,Work
254,GP3T-T1-2015,3bcgc30,Procédés d'exécution - béton,12h,25.5h,sts,fr,Work
255,GP3T-X1-2021,3bcgc30,Exécution béton - pratique,12h,25.5h,sts,fr,Work
256,GO3C-B1-2021,3bcgo30,"Projet thermique et gros-oeuvre (1,5h)",3h,25.5h,hri; sts,fr,Build
257,GO3C-B2-2024,3bcgo30,"Projet de thermique et gros oeuvre (3,5h)",17.5h,25.5h,hri; sts,fr,Code
258,GO3C-B3-2023,3bcgo30,Projet thermique et gros-oeuvre - Présentation,1h,25.5h,hri; sts,fr,Build
259,GO3C-L1-2021,3bcgo30,Labo de thermique et gros oeuvre,7h,25.5h,hri; sts,fr,Science
260,GO3C-T1-2015,3bcgo30,Physique et gros-oeuvre bâtiment,22.5h,25.5h,hri,fr,Science
261,GO3C-X1-2021,3bcgo30,Exercices de thermique,6h,25.5h,sts,fr,Build
262,GO3C-X2-2023,3bcgo30,Exercices de thermique - Evaluation,1.5h,25.5h,hri,fr,Build
263,MS3C-T1-2015,3bcms30,Mécanique des sols,31.5h,25.5h,lfv,fr,Build
264,MS3C-X1-2023,3bcms30,Exercices de mécanique des sols,22.5h,25.5h,lfv,fr,Build
265,OD3T-T1-2015,3bcod30,Ossatures hyperstatiques,15h,25.5h,vml,fr,Functions
266,OD3T-X1-2021,3bcod30,Exercices d'ossatures hyperstatiques,12h,25.5h,vml,fr,Functions
267,OP3C-B1-2019,3bcod30,Exercices calcul aux eurocodes,10.5h,25.5h,gbr; ran,fr,Functions
268,OP3C-T1-2019,3bcod30,Base de calcul aux eurocodes,28.5h,25.5h,gbr,fr,Functions
269,TP3C-T1-2015,3bctp30,Topographie : théorie et exercices,27h,25.5h,hnr,fr,Build
270,TP3L-L1-2015,3bctp30,Labo de topographie,14h,25.5h,sts; hnr,fr,Science
271,BE4B-B1-2016,4cobe40,Bureau d'études,21h,25.5h,gbr; gls,fr,Engineering
272,BE4B-T1-2023,4cobe40,Bureau d'études - séminaire,6h,25.5h,gbr; gls,fr,Code
273,BP4L-L1-2016,4cobp40,Labo béton,7h,25.5h,gls; vrs,fr,Science
274,BP4T-T1-2016,4cobp40,Béton précontraint,39h,25.5h,lpy,fr,Code
275,CH4T-T1-2025,4cocs40,Compléments d'hyperstaticité,21h,25.5h,vml,fr,Functions
276,EC4T-T1-2016,4cocs40,Eléments courbes,34.5h,25.5h,vlo,fr,Build
277,MN4L-L1-2016,4cocs40,Labo SCIA,7h,25.5h,lpy,fr,Science
278,MN4L-L2-2023,4cocs40,Labo SCIA,7h,25.5h,vml,fr,Science
279,MN4L-L5-2023,4cocs40,Evaluation SCIA,3.5h,25.5h,,fr,Build
280,CT4T-B1-2023,4coct40,Projet de conception de charpentes,14h,25.5h,vlo,fr,Build
281,CT4T-B2-2024,4coct40,Projet de charpentes - évaluation,4h,25.5h,,fr,Build
282,CT4T-T1-2016,4coct40,Charpentes : assemblages,15h,25.5h,vrs,fr,Build
283,CT4T-T2-2023,4coct40,Charpentes : Conception,12h,25.5h,vlo,fr,Build
284,CT4T-X1-2025,4coct40,Exercices d'assemblages,8.5h,25.5h,vrs,fr,Build
285,GH4T-L1-2016,4cogc40,Feats of hydraulic,8.5h,25.5h,vml,en,Build
286,GH4T-T1-2016,4cogc40,Feats of hydraulic - intro,8.5h,25.5h,vml,en,Build
287,GP4T-T1-2016,4cogc40,Ponts,8.5h,25.5h,lpy,fr,Build
288,GR4T-T1-2016,4cogc40,Routes,8.5h,25.5h,gbr,fr,Build
289,GF4T-T1-2023,4cogo40,Fondations profondes,8.5h,25.5h,lpy,fr,Build
290,GM4T-T1-2016,4cogo40,Massifs,8.5h,25.5h,m1o,fr+en,Build
291,HU4T-T1-2018,4cohy40,Hydraulique urbaine,8.5h,25.5h,hri,fr,Code
292,HU4T-X1-2025,4cohy40,Exercices d'hydraulique urbaine,8.5h,25.5h,hri; vml,fr,Code
293,HY4C-L1-2016,4cohy40,labo d'hydraulique fluviale,8.5h,25.5h,vml; hri,fr,Science
294,HY4C-T1-2017,4cohy40,Hydraulique fluviale,8.5h,25.5h,vml,fr,Build
295,DA4T-T1-2025,4cons40,Calcul analytique et numérique des dalles,8.5h,25.5h,vml,fr,Functions
296,DF4L-L1-2025,4cons40,Laboratoire de différences finies,8.5h,25.5h,frn; vml,fr,Science
297,DY4L-L1-2025,4cons40,Laboratoires de calcul dynamique,8.5h,25.5h,frn,fr,Science
298,DY4L-L2-2025,4cons40,Laboratoires de calcul dynamique,8.5h,25.5h,vml,fr,Science
299,EF4L-L1-2016,4cons40,Labo éléments finis,8.5h,25.5h,frn,fr,Science
300,EF4L-L2-2016,4cons40,Labo éléments finis,8.5h,25.5h,vml,fr,Science
301,EF4T-T1-2016,4cons40,Elements finis,8.5h,25.5h,frn,fr,Build
302,PF4T-L1-2021,4copf40,Labo préfabrication,8.5h,25.5h,gls,fr,Science
303,PF4T-T1-2018,4copf40,Préfabrication,8.5h,25.5h,gls,fr,Build
304,PH4C-L1-2017,4coph40,Acoustique,8.5h,25.5h,lah,fr,Science
305,PH4C-L2-2017,4coph40,Mesures acoustiques,8.5h,25.5h,lah,fr,Engineering
306,PH4C-L3-2022,4coph40,Labo résistance au feu,8.5h,25.5h,vrs,fr,Science
307,PH4C-T1-2016,4coph40,Résistance au feu,8.5h,25.5h,vrs,fr,Science
308,PH4T-T1-2016,4coph40,Techniques spéciales,8.5h,25.5h,t1d,fr,Science
309,PR4B-B0-2024,4copr40,Défi structure - Introduction,8.5h,25.5h,gls; gbr; ran; vrs,fr,Build
310,PR4B-B1-2016,4copr40,Défi structure - Conception,8.5h,25.5h,gls; gbr; ran; vrs,fr,Build
311,PR4B-B2-2018,4copr40,Défi structure - Labo,8.5h,25.5h,vrs; gbr; ran,fr,Science
312,PR4B-B3-2024,4copr40,Défi structure - Battles,8.5h,25.5h,gls; gbr; ran; vrs,fr,Build
313,PR4B-B4-2021,4copr40,Défi structure - Constructions,8.5h,25.5h,gls; gbr; ran; vrs,fr,Build
314,PR4B-B5-2021,4copr40,Défi structure - Mise en charge,8.5h,25.5h,gls; gbr; hnr; ran; vrs,fr,Build
315,PR4B-B6-2021,4copr40,Défi structure - Evènement,8.5h,25.5h,gls; frn; gbr; hri; hnr; ran; sts; vml; vrs; vlo,fr,Build
316,PR4B-B7-2024,4copr40,Défi structure - Démontage,8.5h,25.5h,gls; gbr; ran; vrs,fr,Build
317,PR4B-B8-2024,4copr40,BONUS - travail autonome au laboratoire,8.5h,25.5h,,fr,Science
318,PS4T-T1-2016,4cops40,Procédés exécution : sols,8.5h,25.5h,x1r,fr,Build
319,GC5B-B1-2023,5cogc50,Projet Génie Civil - Projets,8.5h,25.5h,gbr; gls,fr,Assignment
320,GC5B-B2-2023,5cogc50,Projet Génie civil - Séminaires et projets,8.5h,25.5h,gbr; gls,fr,Code
321,IN5B-B1-2023,5coin50,Innovation - Idéation,8.5h,25.5h,sts; hri; vml,fr,EmojiObjects
322,IN5B-B2-2023,5coin50,Innovation - séminaire,8.5h,25.5h,vml; hri; sts,fr,Code
323,IN5B-B3-2023,5coin50,Innovation - Coaching,8.5h,25.5h,sts; hri; vml,fr,EmojiObjects
324,IN5B-B4-2023,5coin50,Innovation - travail de groupe,8.5h,25.5h,,fr,Code
325,IN5B-B5-2023,5coin50,Innovation - pitch à blanc,8.5h,25.5h,hri,fr,EmojiObjects
326,IN5B-B6-2023,5coin50,Innovation - Pitch,8.5h,25.5h,sts; hri; vml,fr,EmojiObjects
327,ME5L-L1-2023,5come50,Modélisation et essais: introduction,8.5h,25.5h,vml; gls; gbr; ran; vrs,fr,Code
328,ME5L-L2-2023,5come50,Essais: préparation et dépouillement,8.5h,25.5h,vrs; gls; gbr,fr,Code
329,ME5L-L3-2023,5come50,Essais: réalisation,8.5h,25.5h,vrs; gls; gbr; ran,fr,Code
330,ME5L-L4-2023,5come50,Modélisation numérique,8.5h,25.5h,vml,fr,Code
331,ME5L-L5-2024,5come50,Modélisation et essai: travail en autonomie,8.5h,25.5h,,fr,Code
332,ME5L-L6-2024,5come50,Coaching,8.5h,25.5h,vml; gls; gbr; vrs,fr,Code
333,ME5L-L7-2023,5come50,Présentations orales,8.5h,25.5h,vml; gls; gbr; vrs,fr,Code
334,PC5B-B1-2023,5copc50,Passation des marchés,8.5h,25.5h,lah,fr,Assignment
335,PC5B-B2-2023,5copc50,Projet,8.5h,25.5h,sts,fr,Assignment
336,PC5B-B3-2023,5copc50,Gestion de chantier,8.5h,25.5h,sts; vrs,fr,Work
337,PC5B-B4-2023,5copc50,Evaluation,8.5h,25.5h,,fr,Assignment
338,RN5B-B1-2023,5corn50,Réno - réunions groupes projets,8.5h,25.5h,vlo; sts; vrs,fr,Assignment
339,RN5B-B2-2023,5corn50,Réno - BE techniques,8.5h,25.5h,vlo; hri; lpy; sts; vrs,fr,Assignment
340,RN5B-B3-2023,5corn50,Réno - travail non encadré,8.5h,25.5h,,fr,Code
341,RN5B-B4-2024,5corn50,Réno - séminaire durabilité,8.5h,25.5h,hri,fr,Code
342,TF5B-B1-2024,5cotf50,Travail de fin d'études,8.5h,25.5h,,fr+en,Code
343,AT4L-L1-2018,4emat40,Sequential automation laboratory,8.5h,25.5h,rch; bjt; chv,fr,Science
344,AT4T-T1-2018,4emat40,Sequential Automation,8.5h,25.5h,rch,fr+en,Engineering
345,AT4T-T2-2023,4emat40,Sequential Automation - Evaluation,8.5h,25.5h,rch,fr,Engineering
346,CM4B-B1-2025,4emcm40,Projet Eléments de structure,8.5h,25.5h,mrf; crt; kis,fr,Build
347,CM4B-B2-2025,4emcm40,Projet Eléments de structure - Autonomie,8.5h,25.5h,,fr,Build
348,CM4T-T1-2025,4emcm40,Séance introductive,8.5h,25.5h,crt; kis; mrf,fr,Build
349,CM4T-T2-2025,4emcm40,Calcul d'éléments de machines,8.5h,25.5h,mrf,fr,Functions
350,CM4T-T3-2025,4emcm40,Calcul d'éléments de structure,8.5h,25.5h,crt,fr,Functions
351,CM4T-T4-2025,4emcm40,Compléments de cinématique,8.5h,25.5h,kis,fr,Build
352,ST4L-L1-2024,4emcp40,Fraisage CNC,8.5h,25.5h,otj; bcq,fr,Code
353,ST4L-L2-2024,4emcp40,Tournage CNC,8.5h,25.5h,glh,fr,Engineering
354,ST4L-T1-2024,4emcp40,Fraisage CNC,8.5h,25.5h,otj,fr,Code
355,ET4L-L1-2016,4emet40,Electrical Drives laboratory,8.5h,25.5h,kpr,fr,Science
356,ET4T-T1-2016,4emet40,Electrical Drives,8.5h,25.5h,kpr,fr,Bolt
357,FE4L-L1,4emfe40,Finite element method laboratories,8.5h,25.5h,mrf; crt,fr,Science
358,FE4T-T1,4emfe40,Finite element method,8.5h,25.5h,mrf,en,Build
359,MA4L-L1-2018,4emma40,Metallic materials laboratories,8.5h,25.5h,bch,en,Science
360,MA4L-L2-2018,4emma40,Welding laboratories,8.5h,25.5h,mat,en,Science
361,MA4T-T1-2018,4emma40,Metallic materials,8.5h,25.5h,bch,en,Build
362,MA4T-T2-2016,4emma40,Welding,8.5h,25.5h,mat,en,Build
363,MM4T-L1-2023,4emmm40,Power cycles laboratories,8.5h,25.5h,vdd,fr+en,Science
364,MM4T-T1-2016,4emmm40,Power cycles 1,8.5h,25.5h,vdd,fr+en,Bolt
365,MM4T-T2-2019,4emmm40,Power cycles 2,8.5h,25.5h,vdd,fr+en,Bolt
366,MN4C-L1-2016,4emmn40,Applied maintenance laboratories,8.5h,25.5h,p4c,en,Science
367,MN4C-T1-2016,4emmn40,Advanced maintenance technologies,8.5h,25.5h,p4c,en,Code
368,MT4L-L1-2016,4emmt40,Labo matériaux,8.5h,25.5h,spr; hnt,fr,Science
369,MT4T-T1-2016,4emmt40,Matériaux composites,8.5h,25.5h,spr,fr,Engineering
370,MT4T-T2-2016,4emmt40,Matériaux polymères,8.5h,25.5h,hnt,fr,Engineering
371,MT4T-T3-2016,4emmt40,Méthodes de mise en oeuvre des polymères,8.5h,25.5h,mat,fr,Engineering
372,CM5C-B1-2023,5emcm50,Projet conception mécanique,8.5h,25.5h,mrf; bor; crt; kis,fr+en,Assignment
373,CM5C-B2-2023,5emcm50,Projet conception méca - travail en autonomie,8.5h,25.5h,,fr+en,Code
374,CM5C-B3-2023,5emcm50,Projet conception mécanique - évaluation,8.5h,25.5h,mrf; bor; crt; kis,fr+en,Assignment
375,IN5C-B1-2023,5emin50,Intro projet industrie 4.0,8.5h,25.5h,bcq; mat; nth,fr,Assignment
376,IN5C-B2-2023,5emin50,Cyber Security,8.5h,25.5h,n3s,fr,Lock
377,IN5C-B3-2023,5emin50,Industrie 4.0 - Evaluation,8.5h,25.5h,n3s,fr,Engineering
378,IN5C-B5-2023,5emin50,Machine learning theory & lab,8.5h,25.5h,mus; dbr,fr,Science
379,IN5C-L1-2023,5emin50,Laboratoires de robotique,8.5h,25.5h,nth; bcq; mat,fr,Science
380,IN5C-T1-2023,5emin50,Intro robotique,8.5h,25.5h,nth,fr,Engineering
381,TF5B-B1-2024,5emtf50,Travail de fin d'études,8.5h,25.5h,,fr+en,Code
382,EA2C-L1-2016,2beea20,Labo electronique analogique,8.5h,25.5h,dfr,fr,Science
383,EA2C-T1-2016,2beea20,Electronique analogique,8.5h,25.5h,dfr,fr,Functions
384,EA2L-L1-2016,2beea20,Design carte électronique,8.5h,25.5h,dfr; mch,fr,Assignment
385,EN2C-L1-2016,2beea20,Laboratoire électronique numérique,8.5h,25.5h,fle,fr,Science
386,EN2C-T1-2016,2beea20,Electronique numérique,8.5h,25.5h,fle,fr,Bolt
387,VE2L-L1,2beea20,Visite entreprises Electronique-Informatique,8.5h,25.5h,,fr,Code
388,PI2C-L1-2019,2bepi20,Projet informatique,8.5h,25.5h,lur; fky,fr,Code
389,PI2C-T1-2019,2bepi20,Développement informatique,8.5h,25.5h,lur,fr,Code
390,PN2L-L1-2015,2bepi20,Applications de méthode numérique,8.5h,25.5h,dlh-2; fle,en,Code
391,VE2L-L1,2bepi20,Visite entreprises Electronique-Informatique,8.5h,25.5h,,fr,Code
392,AL3L-L1-2017,3beal30,Labo d'électronique analogique,8.5h,25.5h,dlh-2; brn,fr,Science
393,EA3T-T1-2015,3beal30,Electronique analogique,8.5h,25.5h,dlh-2,fr,Functions
394,SC3C-L2-2025,3beal30,Labo simulation de circuits,8.5h,25.5h,dlh-2; brn,fr,Science
395,AU3C-L1-2022,3bect30,Control Theory applications,8.5h,25.5h,dbr,fr+en,Engineering
396,AU3C-T1-2022,3bect30,Control Theory,8.5h,25.5h,dbr,en,Engineering
397,EE3C-L1-2017,3beee30,Labo d'électronique embarquée,8.5h,25.5h,mar; lrg,fr,Science
398,EE3C-T1-2017,3beee30,Electronique embarquée,8.5h,25.5h,mar,fr,Bolt
399,EN3C-L1-2017,3been30,Laboratoires électronique numérique,8.5h,25.5h,fle; brn,fr,Science
400,EN3C-L2-2017,3been30,Programmation C,8.5h,25.5h,mar,fr,Code
401,EN3C-T1-2017,3been30,min logique,8.5h,25.5h,fle,fr,Assignment
402,EN3C-T2-2017,3been30,Electronique numérique,8.5h,25.5h,fle,fr,Bolt
403,BE3T-T1-2015,3befe30,Fundamentals of electrical engineering - théorie,8.5h,25.5h,,fr+en,Bolt
404,BE3T-X1-2023,3befe30,Fundamentals of electrical engineering - exercices,8.5h,25.5h,,fr+en,Bolt
405,PE3C-L1-2017,3bepe30,Printed circuit board design,8.5h,25.5h,dfr; mch,fr+en,Bolt
406,PE3C-L2-2017,3bepe30,Labo mesures,8.5h,25.5h,fle; dlh-2,fr,Science
407,PE3C-T2-2015,3bepe30,Mesures,8.5h,25.5h,dlh-2,fr,Engineering
408,PG3L-L1-2018,3bepi30,Projet génie logiciel,8.5h,25.5h,lrg; l3s,fr+en,Code
409,DB3T-L1-2017,3bepo30,Laboratoire de base de données,8.5h,25.5h,lrg; mar,fr,Science
410,DB3T-T1-2015,3bepo30,Base de données,8.5h,25.5h,lrg,fr,Storage
411,GL3T-T1-2015,3bepo30,Ingénierie des exigences,8.5h,25.5h,l3s,fr,Work
412,PI3C-T1-2017,3bepo30,Structures de données,8.5h,25.5h,lrg,fr,Build
413,PO3L-L1-2017,3bepo30,Laboratoire concepts informatiques,8.5h,25.5h,lur; mar,fr,Science
414,PO3T-T1-2015,3bepo30,Programmation orientée objet,8.5h,25.5h,lur,fr,Code
415,RA3T-L1-2025,3bess30,Signals and systems laboratories,8.5h,25.5h,lur; brn,fr+en,Science
416,RA3T-T1-2016,3bess30,Signals and systems,8.5h,25.5h,dbr,en,Bolt
417,TT3C-L1-2022,3bess30,Telecommunications Technology,8.5h,25.5h,auv,fr,Language
418,LW3L-L1-2018,3betw30,Technologies web et administration Linux,8.5h,25.5h,ngy; brn,fr,Code
419,NW3L-L1-2023,3betw30,Network and web technologies - Evaluation,8.5h,25.5h,ngy; n3l,fr,Code
420,TW3C-L1-2018,3betw30,Introduction à Linux,8.5h,25.5h,n3l,fr,Code
421,TW3T-T1-2018,3betw30,Introduction aux réseaux,8.5h,25.5h,n3l,fr,Code
422,OS4T-L1-2023,4eios40,Operating Systems,8.5h,25.5h,dlh-2; brn,en,Code
423,TU4T-T1-2017,4eios40,Computer Technologies,8.5h,25.5h,dfr,en,Engineering
424,IA4L-L1-2021,4eoai40,AI Lab,8.5h,25.5h,fky; lur,fr,Science
425,IA4T-T1-2017,4eoai40,Deep learning,8.5h,25.5h,,fr,Code
426,IA4T-T2-2017,4eoai40,Introduction to machine learning,8.5h,25.5h,,fr,Code
427,AL4T-T1-2017,4eodd40,Software Architecture,8.5h,25.5h,j3l,en,Code
428,EE4L-L1-2018,4eoee40,Labo entrainements électriques,8.5h,25.5h,l2e,fr,Science
429,EE4T-T1-2018,4eoee40,Entraînements électriques,8.5h,25.5h,l2e,fr,Bolt
430,EE4T-T2-2018,4eoee40,Power Electronics,8.5h,25.5h,dfr,en,Bolt
431,EP4B-B1-2018,4eoee40,Power Electronics Design Lab,8.5h,25.5h,dfr,en,Science
432,EG4L-L1-2016,4eoep40,Advanced PCB Design - Laboratory,8.5h,25.5h,mch,en,Science
433,EG4T-T1-2016,4eoep40,Advanced PCB Design,8.5h,25.5h,mch,en,Assignment
434,ME4T-T1-2019,4eome40,Microelectronics,8.5h,25.5h,mch,en,Bolt
435,EP4L-L2-2022,4eope40,Software  optimization and continuous delivery,8.5h,25.5h,fle; brn,en,Code
436,PE4B-B1-2018,4eope40,BE Robotic Project,8.5h,25.5h,mar; fle,en,Share
437,PE4B-B2-2025,4eope40,BE Robotic Project - Autonomy,8.5h,25.5h,,en,Share
438,PR4L-L1-2019,4eope40,Robotic project specifications,8.5h,25.5h,mar; brn,en,Share
439,RP4L-L1-2019,4eope40,Mechatronics Laboratory,8.5h,25.5h,mar; mat,en,Science
440,RP4L-L2-2025,4eope40,Robotic project specifications - Autonomy,8.5h,25.5h,,en,Share
441,BS4T-T1-2017,4eore40,Fieldbuses and industrial Ethernet,8.5h,25.5h,rch,en,Share
442,CR4T-T1-2016,4eore40,Network concepts,8.5h,25.5h,dsm,en,Share
443,RE4L-L2-2016,4eore40,Computer Network Lab,8.5h,25.5h,n3l,en,Science
444,SD4L-L1-2016,4eosd40,Device Drivers Lab,8.5h,25.5h,dlh-2; mar,en,Science
445,SD4T-T1-2018,4eosd40,Device Drivers,8.5h,25.5h,dlh-2,en,HealthAndSafety
446,TD4L-L1-2016,4eosd40,FPGA and VHDL labs,8.5h,25.5h,s3v,en,Science
447,SI4C-L1-2025,4eosi40,Hardware Testing Processes,8.5h,25.5h,mch; mar,en,Engineering
448,TC4T-T1-2016,4eote40,Télécommunications 1,8.5h,25.5h,jsp,fr,Language
449,TE4T-T1-2016,4eote40,Télécommunications 2,8.5h,25.5h,jsp,fr,Language
450,TI4L-L1-2018,4eoti40,Image Processing Lab,8.5h,25.5h,lur; s3v,en,Science
451,TI4L-L2-2018,4eoti40,Labo traitement images,8.5h,25.5h,s3v,en,Science
452,BM5T-B1-2025,5eobm50,Biodiversity Monitoring Project,8.5h,25.5h,dfr,fr+en,Assignment
453,BM5T-B2-2025,5eobm50,Biodiversity Monitoring Project - Autonomy,8.5h,25.5h,dfr,fr+en,Assignment
454,BM5T-B3-2025,5eobm50,Biodiversity Monitoring Project - Evaluation,8.5h,25.5h,dfr,fr+en,Assignment
455,BM5T-L1-2025,5eobm50,Digital Signal Filtering Lab,8.5h,25.5h,s3v,fr+en,Science
456,BM5T-T1-2025,5eobm50,Digital Signal Filtering,8.5h,25.5h,jsp,fr+en,Bolt
457,EE5T-L1-2025,5eoee50,Ethical Electronics & Informatics I,8.5h,25.5h,fle,fr+en,Code
458,EE5T-L2-2025,5eoee50,Ethical Electronics & Informatics II,8.5h,25.5h,dlh-2,fr+en,Code
459,ES5T-B1-2025,5eoes50,Embedded Security Project,8.5h,25.5h,dlh-2,fr+en,Lock
460,ES5T-B2-2025,5eoes50,Embedded Security Project - Autonomy,8.5h,25.5h,dlh-2,fr+en,Lock
461,ES5T-B3-2025,5eoes50,Embedded Security Project - Evaluation,8.5h,25.5h,dlh-2,fr+en,Lock
462,ES5T-L1-2025,5eoes50,Embedded Security Lab,8.5h,25.5h,mch,fr+en,Science
463,ES5T-T1-2025,5eoes50,Embedded Security I,8.5h,25.5h,dlh-2,fr+en,Lock
464,ES5T-T2-2025,5eoes50,Embedded Security II,8.5h,25.5h,mar,fr+en,Lock
465,HF5B-B1-2025,5eohf50,High Frequency Circuit Design Project,8.5h,25.5h,mch,fr+en,Bolt
466,HF5B-B2-2025,5eohf50,High Frequency Circuit Design Project - Autonomy,8.5h,25.5h,mch,fr+en,Bolt
467,HF5B-B3-2025,5eohf50,High Frequency Circuit Design Project - Evaluation,8.5h,25.5h,mch,fr+en,Bolt
468,HF5L-L1-2025,5eohf50,Telecommunications Lab,8.5h,25.5h,fle; auv,fr,Science
469,HF5T-T1-2025,5eohf50,Advanced Telecommunications,8.5h,25.5h,jsp,fr+en,Language
470,HF5T-T2-2025,5eohf50,Electromagnetic Compatibility,8.5h,25.5h,dfr,fr+en,Share
471,TF5B-B1-2024,5eotf50,Travail de fin d'études,8.5h,25.5h,,fr+en,Code
472,IA4L-L1-2021,4eiai40,AI Lab,8.5h,25.5h,fky; lur,fr,Science
473,IA4L-L2-2022,4eiai40,Advanced AI Lab,8.5h,25.5h,fky,fr,Science
474,IA4T-T1-2017,4eiai40,Deep learning,8.5h,25.5h,,fr,Code
475,IA4T-T2-2017,4eiai40,Introduction to machine learning,8.5h,25.5h,,fr,Code
476,AL4T-T1-2017,4eial40,Software Architecture,8.5h,25.5h,j3l,en,Code
477,DD4L-L1-2017,4eial40,Software Architecture and Quality Lab,8.5h,25.5h,j3l,en,Science
478,AM4L-L1-2018,4eiam40,Mobile Applications Lab,8.5h,25.5h,ngy,en,Science
479,AM4L-T1-2016,4eiam40,Mobile Applications,8.5h,25.5h,ngy,en,PhoneIphone
480,AW4L-L1-2016,4eiaw40,Architectures web,8.5h,25.5h,ngy,fr,Code
481,DB4L-L1-2016,4eidb40,Relational Database,8.5h,25.5h,lrg,en,Storage
482,DB4L-L2-2025,4eidb40,"Realtime DB, NoSql, XML",8.5h,25.5h,brn,en,Storage
483,IR4C-L1-2018,4einm40,Labo administration réseaux,8.5h,25.5h,n3l,fr,Science
484,IR4C-T1-2018,4einm40,Administration réseaux,8.5h,25.5h,n3l,fr,Share
485,SA4L-L1-2017,4eisa40,Parallel Programming,8.5h,25.5h,lur,en,Code
486,SA4T-T1-2017,4eisa40,Algorithms,8.5h,25.5h,ngy,en,Functions
487,TI4L-L1-2018,4eisa40,Image Processing Lab,8.5h,25.5h,lur; s3v,en,Science
488,SD4L-L1-2016,4eisd40,Device Drivers Lab,8.5h,25.5h,dlh-2; mar,en,Science
489,SD4T-T1-2018,4eisd40,Device Drivers,8.5h,25.5h,dlh-2,en,HealthAndSafety
490,AD5L-L1-2017,5eiad50,Distributed Systems Project,8.5h,25.5h,lur,fr,Assignment
491,AI5C-L1-2020,5eiai50,Artificial Intelligence project,8.5h,25.5h,fky,en,Code
492,AI5C-L2-2023,5eiai50,AI Project evaluation,8.5h,25.5h,fky; lur,en,Code
493,DC5C-L2-2019,5eidc50,Data center 1,8.5h,25.5h,n3s,fr,Storage
494,DC5C-L3-2021,5eidc50,Data center 2,8.5h,25.5h,lfr,fr,Storage
495,LW5T-T1-2020,5eilw50,Software licences and GDPR,8.5h,25.5h,e3v,fr,Code
496,LW5T-T2-2023,5eilw50,Software licences & GDPR - évaluation,8.5h,25.5h,e3v,fr,Code
497,SD5T-L1-2021,5eisd50,Labo sécurité logicielle,8.5h,25.5h,fky,fr,Science
498,SD5T-T1-2021,5eisd50,Sécurité physique et logicielle,8.5h,25.5h,n3s,fr,Science
499,TF5B-B1-2024,5eitf50,Travail de fin d'études,8.5h,25.5h,,fr+en,Code
500,IS2L-L1-2024,2bsis20,Labos CAO,8.5h,25.5h,mrf; crt,fr,Science
501,IS2L-L2-2024,2bsis20,Labos Tournage/Fraisage,8.5h,25.5h,mrf; glh,fr,Science
502,IS2L-L3-2024,2bsis20,Labo Fabrication,8.5h,25.5h,mrf; glh; mat,fr,Science
503,IS2T-T1-2024,2bsis20,Tolérances fonctionnelles,8.5h,25.5h,crt,fr,Engineering
504,RP2C-L1-2022,2bsis20,Laboratory of Rapid Prototyping,8.5h,25.5h,mat; otj,fr+en,Science
505,RP2T-T1-2022,2bsis20,Theory of Rapid Prototyping,8.5h,25.5h,mat,en,Engineering
506,TO2T-T1-2016,2bsis20,Cristallographie et systèmes en équ,8.5h,25.5h,bch,fr,Engineering
507,VS2L-L1,2bsis20,Visite entreprises Santé,8.5h,25.5h,,fr,Work
508,PS2B-B1-2019,2bsps20,Projet Santé - Méthodologie,8.5h,25.5h,sbr,fr,Assignment
509,PS2B-B2-2024,2bsps20,Projet Santé - Prototypage,8.5h,25.5h,sbr; ah5,fr,Assignment
510,PS2B-B3-2024,2bsps20,Projet Santé - Communication,8.5h,25.5h,sbr; ah5,fr,Language
511,VS2L-L1,2bsps20,Visite entreprises Santé,8.5h,25.5h,,fr,Work
512,AE3C-B1-2019,3bsae30,Projet de mécatronique,8.5h,25.5h,a2m,fr,Assignment
513,AE3C-L1-2019,3bsae30,Labo mécatronique,8.5h,25.5h,kpr; a2m,fr,Science
514,AE3C-T1-2019,3bsae30,Mécatronique,8.5h,25.5h,a2m,fr,Engineering
515,AN3C-B1-2019,3bsan30,Projet en anatomie et physiologie humaines,8.5h,25.5h,sbr,fr,Science
516,AN3C-T1-2019,3bsan30,Anatomie et physiologie humaines,8.5h,25.5h,sbr,fr,Science
517,AU3C-L1-2022,3bsau30,Control Theory applications,8.5h,25.5h,dbr,fr+en,Engineering
518,AU3C-T1-2022,3bsau30,Control Theory,8.5h,25.5h,dbr,en,Engineering
519,BC3C-L1-2019,3bsbc30,Projet en biomécanique,8.5h,25.5h,bor,fr+en,Assignment
520,BC3C-T1-2019,3bsbc30,Biomécanique,8.5h,25.5h,bor,fr+en,Science
521,BM3C-B1-2024,3bsbm30,Biomatériaux - Présentations,8.5h,25.5h,hnt; spr,fr,Science
522,BM3C-B2-2024,3bsbm30,Biomatériaux - Travail de recherche,8.5h,25.5h,spr,fr,Code
523,BM3C-B3-2024,3bsbm30,Biomatériaux - Travail de recherche,8.5h,25.5h,hnt,fr,Code
524,BM3C-L1-2019,3bsbm30,Laboratoire de biomatériaux,8.5h,25.5h,spr; hnt,fr,Science
525,BM3C-T1-2019,3bsbm30,Biomatériaux - Intro théorique,8.5h,25.5h,hnt,fr,Science
526,BM3C-T2-2023,3bsbm30,Biomatériaux - Intro théorique,8.5h,25.5h,spr,fr,Science
527,EN3C-T2-2017,3bsei30,Electronique numérique,8.5h,25.5h,fle,fr,Bolt
528,EO4L-L1-2016,3bsei30,Labo électronique numérique,8.5h,25.5h,fle; brn; mch,fr,Science
529,CM4T-T2-2025,3bsmd30,Calcul d'éléments de machines,8.5h,25.5h,mrf,fr,Functions
530,MD3T-T1-2019,3bsmd30,Problem solving,8.5h,25.5h,crt,fr,Functions
531,MD3T-T2-2019,3bsmd30,Sélection de matériaux,8.5h,25.5h,bch,fr,Build
532,MD3T-T3-2023,3bsmd30,Mini-projet de conception des machines,8.5h,25.5h,bch; crt; mrf,fr,Assignment
533,MD3T-T4-2025,3bsmd30,Séance intro calcul des machines,8.5h,25.5h,mrf,fr,Functions
534,QS3B-B1-2019,3bsrs30,Questions avancées en santé,8.5h,25.5h,crt,fr,Science
535,RS3C-L1-2019,3bsrs30,Méthodes de recherche scientifique,8.5h,25.5h,brg; jfd,fr,Science
536,AD4T-T1-2019,4isad40,Active medical devices,8.5h,25.5h,,en,HealthAndSafety
537,ES4T-T1-2019,4isgs40,Ethique santé,8.5h,25.5h,brk,fr,Psychology
538,GS4T-T1-2016,4isgs40,Sciences humaines,8.5h,25.5h,mlt,fr,Science
539,HM4C-L1-2020,4ishm40,Laboratory of human motion analysis,8.5h,25.5h,auv,fr+en,Science
540,HM4C-T1-2020,4ishm40,Human motion analysis,8.5h,25.5h,auv,fr+en,Functions
541,MD4C-B1-2019,4ismd40,Project in medical device design,8.5h,25.5h,crt,fr+en,Assignment
542,MD4C-B3-2024,4ismd40,Risk & Safety analysis,8.5h,25.5h,c5c,fr+en,Functions
543,ME4L-L1-2021,4isme40,Laboratory of e-health prototyping,8.5h,25.5h,auv,fr+en,Science
544,MI4C-L1-2019,4ismi40,Laboratory of medical imaging,8.5h,25.5h,auv,fr+en,Science
545,MI4C-T1-2019,4ismi40,Medical imaging,8.5h,25.5h,auv,fr+en,HealthAndSafety
546,MI4C-T2-2019,4ismi40,Artificial intelligence,8.5h,25.5h,,fr+en,Code
547,MR4C-L1-2025,4ismr40,Laboratory of medical robotics,8.5h,25.5h,bor,fr+en,Science
548,MR4C-T1-2025,4ismr40,Medical robotics,8.5h,25.5h,bor,en,Share
549,NU4C-B1-2024,4isnu40,BE ingénierie mécanique pour la santé - Intro et conclusion,8.5h,25.5h,mrf; bor,fr,Build
550,NU4C-B2-2021,4isnu40,BE ingénierie mécanique pour la santé,8.5h,25.5h,mrf; bor,fr+en,Build
551,NU4C-T1-2019,4isnu40,Finite-Element Analysis - theory,8.5h,25.5h,mrf,fr+en,Functions
552,PM4B-B1-2019,4ispm40,Project medical devices 1 - séances en autonomie,8.5h,25.5h,,fr+en,Assignment
553,PM4B-B2 2022,4ispm40,Project medical devices 1,8.5h,25.5h,auv,fr,Assignment
554,PM4B-B3 2022,4ispm40,Project medical devices 1,8.5h,25.5h,bor,fr,Assignment
555,PM4B-B4 2024,4ispm40,Project medical devices 1,8.5h,25.5h,mrf,fr,Assignment
556,PM4B-B5-2024,4ispm40,Project medical devices 1,8.5h,25.5h,bor; auv; mrf,fr,Assignment
557,RM4C-B1-2024,4isrm40,Project of regulatory affairs,8.5h,25.5h,d5b,en,Code
558,RM4C-T1-2019,4isrm40,Regulatory affairs for medical devices,8.5h,25.5h,b5c,en,Code
559,RM4C-T2-2024,4isrm40,Regulatory affairs for medical devices,8.5h,25.5h,d5b,fr,Code
560,SG4B-B1,4issg40,Internship in health engineering 1,8.5h,25.5h,,fr+en,HealthAndSafety
561,CE5C-B1-2020,5isce50,Project of clinical evaluation of medical devices,8.5h,25.5h,d5b,fr+en,Assignment
562,CE5C-T1-2020,5isce50,Clinical evaluation of medical devices,8.5h,25.5h,d5b,fr+en,HealthAndSafety
563,CE5C-T2-2020,5isce50,Statistics for clinical investigations,8.5h,25.5h,auv,fr+en,Functions
564,EH5C-B1-2020,5ishe50,Project of mobile application development,8.5h,25.5h,auv,fr+en,Assignment
565,EH5C-T1-2020,5ishe50,e-Health systems,8.5h,25.5h,auv,fr+en,HealthAndSafety
566,OD5T-T1-2025,5isod50,"Design of Orthopaedic Medical Devices : biomechanics, design and regulation",8.5h,25.5h,,en,Build
567,PM5C-B1-2020,5ispm50,Project medical devices 2 - Autonomie,8.5h,25.5h,,fr+en,Assignment
568,PM5C-B2-2024,5ispm50,Project medical devices 2,8.5h,25.5h,auv,fr,Assignment
569,PM5C-B3-2024,5ispm50,Project medical devices 2,8.5h,25.5h,bor,fr,Assignment
570,PM5C-B4-2024,5ispm50,Project medical devices 2,8.5h,25.5h,mrf,fr,Assignment
571,PM5C-B5-2024,5ispm50,Project medical devices 2,8.5h,25.5h,mrf; auv; bor,fr,Assignment
572,IN5B-B1,5issg50,Internship in health engineering 2,8.5h,25.5h,,fr+en,HealthAndSafety
573,MT5B-B5,5istf50,Master thesis in health engineering,8.5h,25.5h,,fr+en,HealthAndSafety
574,MT5C-B1-2024,5istf50,Skills self-assessment,8.5h,25.5h,crt; sbr,fr+en,HealthAndSafety
575,MT5C-B2-2024,5istf50,Research methodology,8.5h,25.5h,sbr; jfd,fr,HealthAndSafety
576,MT5C-B3-2024,5istf50,Research methodology - project coaching,8.5h,25.5h,sbr,fr,Assignment
577,MT5C-B4-2024,5istf50,Master thesis support seminars,8.5h,21h,sbr; jfd,fr,HealthAndSafety
578,BP5B,BP5B,Atelier intégration - topo,8.5h,21h,,,Assignment
579,DI4T,DI4T,Droit immobilier,8.5h,21h,,,Work
580,EX4T,EX4T,Expertise,8.5h,21h,,,Assignment
581,GD4T,GD4T,Géodésie,8.5h,21h,,,Engineering
582,PA4L,PA4L,EXTR Pathologie appliquée,8.5h,21h,,,HealthAndSafety
583,PA4T,PA4T,Pathologie des const ructions,8.5h,21h,,,HealthAndSafety
584,PH1C,PH1C,1BEV Examen Physique (sur inscriptions) Evaluation,8.5h,21h,,,Science
585,PI5C,PI5C,Projet intégrateur,8.5h,21h,,,Assignment
586,PR4C,PR4C,Prérequis programmation,8.5h,21h,,,Code
587,RS5C,RS5C,Réseau,8.5h,21h,,,Share
588,ST4C,ST4C,Structure de données,8.5h,21h,,,Build
589,TW4C,TW4C,Technologies web,8.5h,21h,,,Code
590,UB4T,UB4T,Urbanisme,8.5h,21h,,,Build
